"Base","MDL","Precision","Tiempo"
1,574.950027801763,93.3,14.57
2,1123.31987871017,95.6,15.8
3,2211.29661082421,97.2,93.64
4,3228.67561054083,72.9,174.23
5,15757.0247726517,87.9,60.97
6,5927.62688039795,65,75.4299999999999
7,3258.88974730674,87.2,90.26
8,146373.341988636,92,187.42
9,3241.73787872315,75.7,109.75
10,1003.95316993281,100,169.06
